atlas_no,id,name_pl,latin,gbif_key,edibility,rarity,protection
1,borowik-szlachetny,Borowik szlachetny,Boletus edulis,5954958,jadalny,rzadki,
2,podgrzybek-brunatny,Podgrzybek brunatny,Imleria badia,7832732,jadalny,pospolity,
3,czubajka-kania,Czubajka kania,Macrolepiota procera,8914748,jadalny,epicki,
4,muchomor-czerwony,Muchomor czerwony,Amanita muscaria,8168319,trujacy,pospolity,
5,pieprznik-jadalny,Pieprznik jadalny (kurka),Cantharellus cibarius,5249504,jadalny,pospolity,
6,mleczaj-rydz,Mleczaj rydz,Lactarius deliciosus,5248629,jadalny,rzadki,
7,szmaciak-galezisty,Szmaciak gałęzisty,Sparassis crispa,2550247,jadalny,legendarny,
8,muchomor-zielonawy,Muchomor zielonawy,Amanita phalloides,5240325,smiertelny,rzadki,
9,smardz-jadalny,Smardz jadalny,Morchella esculenta,2594602,jadalny,epicki,czesciowa
10,maslak-zwyczajny,Maślak zwyczajny,Suillus luteus,7777157,jadalny,pospolity,
11,kozlarz-babka,Koźlarz babka,Leccinum scabrum,9141390,jadalny,pospolity,
12,kozlarz-czerwony,Koźlarz czerwony,Leccinum aurantiacum,2524513,jadalny,rzadki,
13,soplowka-jezowata,Soplówka jeżowata,Hericium erinaceus,5248508,jadalny,legendarny,scisla
14,gaska-zielonka,Gąska zielonka,Tricholoma equestre,3324883,niejadalny,pospolity,
15,opienka-miodowa,Opieńka miodowa,Armillaria mellea,2536891,jadalny,pospolity,
16,piestrzenica-kasztanowata,Piestrzenica kasztanowata,Gyromitra esculenta,5258510,smiertelny,rzadki,
17,purchawka-chropowata,Purchawka chropowata,Lycoperdon perlatum,5243258,jadalny,pospolity,
18,golabek-zielonawy,Gołąbek zielonawy,Russula virescens,2551423,jadalny,rzadki,
19,zagwica-listkowata,Żagwica listkowata,Grifola frondosa,2540800,jadalny,epicki,czesciowa
20,goryczak-zolciowy,Goryczak żółciowy,Tylopilus felleus,2524910,niejadalny,pospolity,
21,borowik-ceglastopory,Borowik ceglastopory,Neoboletus erythropus,9723190,jadalny,rzadki,
22,muchomor-plamisty,Muchomor plamisty,Amanita pantherina,8961574,trujacy,pospolity,
23,borowik-krolewski,Borowik królewski,Butyriboletus regius,7617313,jadalny,legendarny,scisla
24,plachetka-zwyczajna,Płachetka zwyczajna,Cortinarius caperatus,2529415,jadalny,pospolity,
25,czernidlak-kolpakowaty,Czernidłak kołpakowaty,Coprinus comatus,7987658,jadalny,pospolity,
26,zaslonak-rudy,Zasłonak rudy,Cortinarius orellanus,2528684,smiertelny,epicki,
27,sarniak-dachowkowaty,Sarniak dachówkowaty,Sarcodon imbricatus,5238865,jadalny,rzadki,
28,maslak-sitarz,Maślak sitarz,Suillus bovinus,7623986,jadalny,pospolity,
29,kozlarz-pomaranczowozolty,Koźlarz pomarańczowożółty,Leccinum versipelle,2524490,jadalny,rzadki,
30,lejkowiec-dety,Lejkowiec dęty,Craterellus cornucopioides,2554662,jadalny,rzadki,
31,mleczaj-smaczny,Mleczaj smaczny,Lactifluus volemus,2551150,jadalny,rzadki,
32,siedzun-sosnowy,Siedzuń sosnowy,Sparassis nemecii,2550240,jadalny,epicki,czesciowa
33,borowik-szatanski,Borowik szatański,Rubroboletus satanas,7722553,trujacy,epicki,scisla
34,lakowka-ametystowa,Lakówka ametystowa,Laccaria amethystina,2530983,jadalny,pospolity,
35,gaska-siarkowa,Gąska siarkowa,Tricholoma sulphureum,8897119,trujacy,pospolity,
36,strzepiak-ceglasty,Strzępiak ceglasty,Inosperma erubescens,10776858,smiertelny,rzadki,
37,podgrzybek-zlotawy,Podgrzybek złotawy,Xerocomellus chrysenteron,2519413,jadalny,pospolity,
38,podgrzybek-zajaczek,Podgrzybek zajączek,Xerocomus subtomentosus,2519457,jadalny,pospolity,
39,maslak-pstry,Maślak pstry,Suillus variegatus,9043861,jadalny,pospolity,
40,maslak-zolty,Maślak żółty,Suillus grevillei,5239864,jadalny,pospolity,
41,maslak-ziarnisty,Maślak ziarnisty,Suillus granulatus,8146046,jadalny,pospolity,
42,kozlarz-grabowy,Koźlarz grabowy,Leccinellum pseudoscabrum,9712569,jadalny,pospolity,
43,krowiak-podwiniety,Krowiak podwinięty,Paxillus involutus,5240002,trujacy,pospolity,
44,krowiak-aksamitny,Krowiak aksamitny,Tapinella atrotomentosa,7693097,niejadalny,pospolity,
45,gaska-nieksztaltna,Gąska niekształtna,Tricholoma portentosum,5241860,jadalny,pospolity,
46,gasowka-fioletowawa,Gąsówka fioletowawa,Collybia nuda,5242048,jadalny,pospolity,
47,lejkowka-szarawa,Lejkówka szarawa,Clitocybe nebularis,2531072,trujacy,pospolity,
48,lejkowka-jadowita,Lejkówka jadowita,Collybia rivulosa,2531052,trujacy,pospolity,
49,twardzioszek-przydrozny,Twardzioszek przydrożny,Marasmius oreades,2537250,jadalny,pospolity,
50,boczniak-ostrygowaty,Boczniak ostrygowaty,Pleurotus ostreatus,2526530,jadalny,pospolity,
51,luszczak-zmienny,Łuszczak zmienny,Kuehneromyces mutabilis,2533962,jadalny,pospolity,
52,maslanka-wiazkowa,Maślanka wiązkowa,Hypholoma fasciculare,3293632,trujacy,pospolity,
53,czubajka-czerwieniejaca,Czubajka czerwieniejąca,Chlorophyllum rhacodes,5955395,jadalny,pospolity,
54,czubajeczka-cuchnaca,Czubajeczka cuchnąca,Lepiota cristata,2535471,trujacy,pospolity,
55,pieczarka-polna,Pieczarka polna,Agaricus campestris,5243458,jadalny,pospolity,
56,pieczarka-karbolowa,Pieczarka karbolowa,Agaricus xanthodermus,5243412,trujacy,pospolity,
57,czernidlak-pospolity,Czernidłak pospolity,Coprinopsis atramentaria,5242740,trujacy,pospolity,
58,lisowka-pomaranczowa,Lisówka pomarańczowa,Hygrophoropsis aurantiaca,2525710,niejadalny,pospolity,
59,mleczaj-welnianka,Mleczaj wełnianka,Lactarius torminosus,8122710,trujacy,pospolity,
60,mleczaj-swierkowy,Mleczaj świerkowy,Lactarius deterrimus,7925734,jadalny,pospolity,
61,mleczaj-paskudnik,Mleczaj paskudnik,Lactarius necator,5248670,trujacy,pospolity,
62,golabek-wymiotny,Gołąbek wymiotny,Russula emetica,2551213,trujacy,pospolity,
63,golabek-modrozielony,Gołąbek modrozielony,Russula cyanoxantha,2551542,jadalny,pospolity,
64,golabek-jadalny,Gołąbek jadalny,Russula vesca,2551415,jadalny,pospolity,
65,muchomor-czerwonawy,Muchomor czerwonawy,Amanita rubescens,7496350,jadalny,pospolity,
66,muchomor-cytrynowy,Muchomor cytrynowy,Amanita citrina,3328320,niejadalny,pospolity,
67,strzepiak-ziemistoblaszkowy,Strzępiak ziemistoblaszkowy,Inocybe geophylla,3330851,trujacy,pospolity,
68,piestrzyca-kedzierzawa,Piestrzyca kędzierzawa,Helvella crispa,2554614,trujacy,pospolity,
69,uszak-bzowy,Uszak bzowy,Auricularia auricula-judae,5249271,jadalny,pospolity,
70,hubiak-pospolity,Hubiak pospolity,Fomes fomentarius,8068867,niejadalny,pospolity,
71,pniarek-obrzezony,Pniarek obrzeżony,Fomitopsis pinicola,2542395,niejadalny,pospolity,
72,zagiew-luskowata,Żagiew łuskowata,Cerioporus squamosus,2547092,jadalny,pospolity,
73,tegoskor-pospolity,Tęgoskór pospolity,Scleroderma citrinum,5239982,trujacy,pospolity,
74,purchawka-gruszkowata,Purchawka gruszkowata,Apioperdon pyriforme,10852503,jadalny,pospolity,
75,madziak-psi,Mądziak psi,Mutinus caninus,5239473,niejadalny,pospolity,
76,wodnicha-pozna,Wodnicha późna,Hygrophorus hypothejus,2538748,jadalny,rzadki,
77,borowik-usiatkowany,Borowik usiatkowany,Boletus reticulatus,5954691,jadalny,rzadki,
78,borowik-sosnowy,Borowik sosnowy,Boletus pinophilus,5954949,jadalny,rzadki,
79,borowik-ponury,Borowik ponury,Suillellus luridus,3355021,jadalny,rzadki,
80,piaskowiec-modrzak,Piaskowiec modrzak,Gyroporus cyanescens,2524265,jadalny,rzadki,
81,piaskowiec-kasztanowaty,Piaskowiec kasztanowaty,Gyroporus castaneus,9133361,jadalny,rzadki,
82,kozlarz-bialawy,Koźlarz białawy,Leccinum holopus,2524503,jadalny,rzadki,
83,podgrzybek-pasozytniczy,Podgrzybek pasożytniczy,Pseudoboletus parasiticus,8308057,niejadalny,rzadki,czesciowa
84,kolczak-oblaczasty,Kolczak obłączasty,Hydnum repandum,2554716,jadalny,rzadki,
85,pieprznik-trabkowy,Pieprznik trąbkowy,Craterellus tubaeformis,2554536,jadalny,rzadki,
86,plomiennica-zimowa,Płomiennica zimowa,Flammulina velutipes,3341441,jadalny,rzadki,
87,zolciak-siarkowy,Żółciak siarkowy,Laetiporus sulphureus,9072021,jadalny,rzadki,
88,flagowiec-olbrzymi,Flagowiec olbrzymi,Meripilus giganteus,2540761,jadalny,rzadki,
89,pieczarka-lesna,Pieczarka leśna,Agaricus sylvaticus,8108291,jadalny,rzadki,
90,helmowka-jadowita,Hełmówka jadowita,Galerina marginata,8118872,smiertelny,rzadki,
91,muchomor-jadowity,Muchomor jadowity,Amanita virosa,5240323,smiertelny,rzadki,
92,gaska-tygrysia,Gąska tygrysia,Tricholoma pardinum,7242174,trujacy,rzadki,
93,piestrzenica-olbrzymia,Piestrzenica olbrzymia,Discina gigas,5258512,trujacy,rzadki,
94,naparstniczka-czeska,Naparstniczka czeska,Verpa bohemica,5259057,trujacy,rzadki,czesciowa
95,czarka-austriacka,Czarka austriacka,Sarcoscypha austriaca,8689016,niejadalny,rzadki,
96,sromotnik-bezwstydny,Sromotnik bezwstydny,Phallus impudicus,3314876,niejadalny,pospolity,
97,gwiazdosz-fredzelkowany,Gwiazdosz frędzelkowany,Geastrum fimbriatum,2554355,niejadalny,rzadki,
98,zaslonak-fioletowy,Zasłonak fioletowy,Cortinarius violaceus,2529040,niejadalny,rzadki,
99,blyskoporek-podkorowy,Błyskoporek podkorowy,Inonotus obliquus,2521089,niejadalny,rzadki,czesciowa
100,borowik-zoltobrazowy,Borowik żółtobrązowy,Butyriboletus appendiculatus,8250249,jadalny,epicki,
101,borowik-korzeniasty,Borowik korzeniasty,Caloboletus radicans,7550396,trujacy,epicki,scisla
102,szyszkowiec-luskowaty,Szyszkowiec łuskowaty,Strobilomyces strobilaceus,9225326,jadalny,epicki,czesciowa
103,ozorek-debowy,Ozorek dębowy,Fistulina hepatica,2531012,jadalny,epicki,czesciowa
104,lakownica-zoltawa,Lakownica żółtawa,Ganoderma lucidum,2549730,niejadalny,epicki,czesciowa
105,smardz-stozkowaty,Smardz stożkowaty,Morchella conica,2594617,jadalny,epicki,czesciowa
106,smardz-polwolny,Smardz półwolny,Morchella semilibera,2594649,jadalny,epicki,czesciowa
107,siatkoblaszek-maczugowaty,Siatkoblaszek maczugowaty,Gomphus clavatus,5238786,jadalny,epicki,czesciowa
108,okratek-australijski,Okratek australijski,Clathrus archeri,5239483,niejadalny,epicki,
109,zaslonak-rudawy,Zasłonak rudawy,Cortinarius rubellus,2528663,smiertelny,epicki,
110,czubajeczka-brazowoczerwona,Czubajeczka brązowoczerwona,Lepiota brunneoincarnata,2535390,smiertelny,epicki,
111,purchawica-olbrzymia,Purchawica olbrzymia,Calvatia gigantea,2536058,jadalny,epicki,
112,krazkowka-zylkowana,Krążkówka żyłkowana,Disciotis venosa,9032566,jadalny,epicki,scisla
113,gwiazdosz-czteropromienny,Gwiazdosz czteropromienny,Geastrum quadrifidum,2554338,niejadalny,epicki,czesciowa
114,kolczakowka-piekaca,Kolczakówka piekąca,Hydnellum peckii,2522210,niejadalny,legendarny,scisla
115,soplowka-bukowa,Soplówka bukowa,Hericium coralloides,5248532,jadalny,legendarny,czesciowa
116,zagiew-wieloglowa,Żagiew wielogłowa,Polyporus umbellatus,5246840,jadalny,legendarny,czesciowa
117,gwiazda-wieloporowa,Gwiazda wieloporowa,Myriostoma coliforme,2554318,niejadalny,legendarny,scisla
118,koronica-ozdobna,Koronica ozdobna,Sarcosphaera coronaria,2594999,smiertelny,legendarny,scisla
119,zylkowiec-rozowawy,Żyłkowiec różowawy,Rhodotus palmatus,2537058,niejadalny,legendarny,scisla
120,trufla-letnia,Trufla letnia,Tuber aestivum,7364443,jadalny,legendarny,
121,wrosniak-roznobarwny,Wrośniak różnobarwny,Trametes versicolor,2548311,niejadalny,pospolity,
122,pniarek-brzozowy,Pniarek brzozowy,Fomitopsis betulina,9819973,niejadalny,pospolity,
123,pieknorog-najwiekszy,Pięknoróg największy,Calocera viscosa,9134585,niejadalny,pospolity,
124,rozszczepka-pospolita,Rozszczepka pospolita,Schizophyllum commune,5241128,niejadalny,pospolity,
125,prochnilec-galezisty,Próchnilec gałęzisty,Xylaria hypoxylon,5255147,niejadalny,pospolity,
126,trzesak-pomaranczowozolty,Trzęsak pomarańczowożółty,Tremella mesenterica,11945016,niejadalny,pospolity,
127,murszak-rdzawy,Murszak rdzawy,Phaeolus schweinitzii,2542126,niejadalny,pospolity,
128,muchomor-rdzawobrazowy,Muchomor rdzawobrązowy,Amanita fulva,7765582,jadalny,pospolity,
129,rycerzyk-czerwonozloty,Rycerzyk czerwonozłoty,Tricholomopsis rutilans,2531814,niejadalny,pospolity,
130,skornik-szorstki,Skórnik szorstki,Stereum hirsutum,2553128,niejadalny,pospolity,
131,zylak-promienisty,Żylak promienisty,Phlebia radiata,2545089,niejadalny,pospolity,
132,chrzastkoskornik-purpurowy,Chrząstkoskórnik purpurowy,Chondrostereum purpureum,2532944,niejadalny,pospolity,
133,wrosniak-garbaty,Wrośniak garbaty,Trametes gibbosa,9208081,niejadalny,pospolity,
134,czernidlak-gromadny,Czernidłak gromadny,Coprinellus disseminatus,2534625,niejadalny,pospolity,
135,zylak-trzesakowaty,Żylak trzęsakowaty,Phlebia tremellosa,2544300,niejadalny,pospolity,
136,monetka-bukowa,Monetka bukowa,Mucidula mucida,2537081,niejadalny,pospolity,
137,zlotoborowik-wysmukly,Złotoborowik wysmukły,Aureoboletus projectellus,8339825,jadalny,pospolity,
138,gmatwica-chropowata,Gmatwica chropowata,Daedaleopsis confragosa,2545670,niejadalny,pospolity,
139,faldowka-kedzierzawa,Fałdówka kędzierzawa,Plicaturopsis crispa,2526725,niejadalny,pospolity,
140,czernidlak-blyszczacy,Czernidłak błyszczący,Coprinellus micaceus,2534578,niejadalny,pospolity,
141,lakownica-splaszczona,Lakownica spłaszczona,Ganoderma applanatum,2549834,niejadalny,pospolity,
142,kubek-prazkowany,Kubek prążkowany,Cyathus striatus,5243151,niejadalny,pospolity,
143,maslanka-ceglasta,Maślanka ceglasta,Hypholoma lateritium,2533424,trujacy,pospolity,
144,galaretek-kolczasty,Galaretek kolczasty,Pseudohydnum gelatinosum,5249353,jadalny,pospolity,
145,wrosniak-szorstki,Wrośniak szorstki,Trametes hirsuta,8032257,niejadalny,pospolity,
146,chropiatka-pospolita,Chropiatka pospolita,Thelephora terrestris,11260649,niejadalny,pospolity,
147,lycznik-ochrowy,Łycznik ochrowy,Panellus stipticus,9118025,niejadalny,pospolity,
148,dziezka-pomaranczowa,Dzieżka pomarańczowa,Aleuria aurantia,5258678,jadalny,pospolity,
149,pierscieniak-niebieskozielony,Pierścieniak niebieskozielony,Stropharia aeruginosa,2533359,trujacy,pospolity,
150,opienka-ciemna,Opieńka ciemna,Armillaria ostoyae,2536899,jadalny,pospolity,
151,galaretnica-miesista,Galaretnica mięsista,Ascocoryne sarcoides,2584352,niejadalny,pospolity,
152,czyren-ogniowy,Czyreń ogniowy,Phellinus igniarius,2520862,niejadalny,pospolity,
153,grzybowka-rozowa,Grzybówka różowa,Mycena rosea,4911705,trujacy,pospolity,
154,drobnoluszczak-jeleni,Drobnołuszczak jeleni,Pluteus cervinus,7446067,jadalny,pospolity,
155,szyszkolubka-kolczasta,Szyszkolubka kolczasta,Auriscalpium vulgare,5248458,niejadalny,pospolity,
156,prochnilec-maczugowaty,Próchnilec maczugowaty,Xylaria polymorpha,8956209,niejadalny,pospolity,
157,pieknorog-szydlowaty,Pięknoróg szydłowaty,Calocera cornea,2512969,niejadalny,pospolity,
158,szaroporka-podpalana,Szaroporka podpalana,Bjerkandera adusta,2543824,niejadalny,pospolity,
159,luskwiak-nastroszony,Łuskwiak nastroszony,Pholiota squarrosa,2534205,trujacy,pospolity,
160,czyrogmatwica-sosnowa,Czyrogmatwica sosnowa,Porodaedalea pini,9035469,niejadalny,pospolity,
161,niszczyk-lisciastodrzewny,Niszczyk liściastodrzewny,Trichaptum biforme,5247228,niejadalny,pospolity,
162,spinka-pomaranczowa,Spinka pomarańczowa,Rickenella fibula,9105286,niejadalny,pospolity,
163,kubecznik-plowopomaranczowy,Kubecznik płowopomarańczowy,Crucibulum laeve,5243575,niejadalny,pospolity,
164,mleczaj-chrzastka,Mleczaj chrząstka,Lactifluus vellereus,2551071,trujacy,pospolity,
165,czyren-sliwowy,Czyreń śliwowy,Phellinus pomaceus,2520205,niejadalny,pospolity,
166,kisielnica-czarniawa,Kisielnica czarniawa,Exidia nigricans,5954805,niejadalny,pospolity,
167,niszczyca-anyzkowa,Niszczyca anyżkowa,Gloeophyllum odoratum,5249216,niejadalny,pospolity,
168,szczeciniak-rdzawy,Szczeciniak rdzawy,Hymenochaete rubiginosa,2519770,niejadalny,pospolity,
169,lzawnik-rozciekliwy,Łzawnik rozciekliwy,Dacrymyces stillatus,2512925,niejadalny,pospolity,
170,gnojanka-zoltawa,Gnojanka żółtawa,Bolbitius titubans,9127230,niejadalny,pospolity,
171,stulka-piaskowa,Stułka piaskowa,Coltricia perennis,2519915,niejadalny,pospolity,
172,golabek-jasnozolty,Gołąbek jasnożółty,Russula claroflava,2551299,jadalny,pospolity,
173,grzybowka-cytrynowa,Grzybówka cytrynowa,Mycena epipterygia,4911751,niejadalny,pospolity,
174,lysostopek-cierpki,Łysostopek cierpki,Collybiopsis peronata,12092733,niejadalny,pospolity,
175,grzybowka-helmiasta,Grzybówka hełmiasta,Mycena galericulata,2526880,niejadalny,pospolity,
176,lakowka-pospolita,Lakówka pospolita,Laccaria laccata,2530926,jadalny,pospolity,
177,prochnilec-dlugotrzonkowy,Próchnilec długotrzonkowy,Xylaria longipes,5255093,niejadalny,pospolity,
178,gasownik-rudawy,Gąsownik rudawy,Paralepista flaccida,7978027,trujacy,pospolity,
179,proszyk-brudzacy,Prószyk brudzący,Bulgaria inquinans,2577614,niejadalny,pospolity,
180,blonoskorek-korzeniasty,Błonoskórek korzeniasty,Hymenopellis radicata,8031042,jadalny,pospolity,
181,muchomor-twardawy,Muchomor twardawy,Amanita excelsa,8935018,niejadalny,pospolity,
182,grzybowka-krwista,Grzybówka krwista,Mycena haematopus,2526942,niejadalny,pospolity,
183,niszczyca-plotowa,Niszczyca płotowa,Gloeophyllum sepiarium,5249253,niejadalny,pospolity,
184,purchawka-workowata,Purchawka workowata,Lycoperdon excipuliforme,5243279,jadalny,pospolity,
185,pieniaznica-szerokoblaszkowa,Pieniążnica szerokoblaszkowa,Megacollybia platyphylla,2537689,trujacy,pospolity,
186,kruchaweczka-zaroslowa,Kruchaweczka zaroślowa,Candolleomyces candolleanus,12008655,niejadalny,pospolity,
187,zaslonak-purpurowoblaszkowy,Zasłonak purpurowoblaszkowy,Cortinarius semisanguineus,2529327,smiertelny,pospolity,
188,gaska-ziemistoblaszkowa,Gąska ziemistoblaszkowa,Tricholoma terreum,5241808,jadalny,pospolity,
189,twardziak-zimowy,Twardziak zimowy,Lentinus brumalis,7838425,niejadalny,pospolity,
190,zgliszczak-pospolity,Zgliszczak pospolity,Kretzschmaria deusta,2577023,niejadalny,pospolity,
191,blaszkowiec-drobnozarodnikowy,Blaszkowiec drobnozarodnikowy,Lenzites betulinus,5465199,niejadalny,pospolity,
192,bialolejkowka-bulawotrzonowa,Białolejkówka buławotrzonowa,Ampulloclitocybe clavipes,2538864,trujacy,pospolity,
193,luskwiak-wierzbolubny,Łuskwiak wierzbolubny,Pholiota aurivella,2534102,trujacy,pospolity,
194,lysostopek-pozrastany,Łysostopek pozrastany,Collybiopsis confluens,11993337,trujacy,pospolity,
195,blyskoporek-promienisty,Błyskoporek promienisty,Xanthoporia radiata,7442237,niejadalny,pospolity,
196,grzybowka-rdzawoplamista,Grzybówka rdzawoplamista,Mycena zephirus,4911725,niejadalny,pospolity,
197,twardzioszek-obrozowy,Twardzioszek obrożowy,Marasmius rotula,8908488,niejadalny,pospolity,
198,niszczyk-iglastodrzewny,Niszczyk iglastodrzewny,Trichaptum abietinum,8690832,niejadalny,pospolity,
199,gozdzienczyk-grzebieniasty,Goździeńczyk grzebieniasty,Clavulina coralloides,5249883,jadalny,pospolity,
200,monetnica-plamista,Monetnica plamista,Rhodocollybia maculata,3321205,niejadalny,pospolity,
201,lysostopek-szpilkowy,Łysostopek szpilkowy,Gymnopus androsaceus,7769302,niejadalny,pospolity,
202,mleczaj-rudy,Mleczaj rudy,Lactarius rufus,5248684,trujacy,pospolity,
203,grzybowka-fioletowawa,Grzybówka fioletowawa,Mycena pura,2527219,trujacy,pospolity,
204,polowka-wczesna,Polówka wczesna,Agrocybe praecox,8997022,niejadalny,pospolity,
205,trabka-otrebiasta,Trąbka otrębiasta,Tubaria furfuracea,8796319,niejadalny,pospolity,
206,lysak-plamistoblaszkowy,Łysak plamistoblaszkowy,Gymnopilus penetrans,2533692,trujacy,pospolity,
207,bruzdniczek-najwiekszy,Bruzdniczek największy,Clitopilus prunulus,2539197,jadalny,pospolity,
208,kruchaweczka-namakajaca,Kruchaweczka namakająca,Psathyrella piluliformis,2534836,niejadalny,pospolity,
209,maslaczek-pieprzowy,Maślaczek pieprzowy,Chalciporus piperatus,9156243,trujacy,pospolity,
210,golabek-brudnozolty,Gołąbek brudnożółty,Russula ochroleuca,2551419,trujacy,pospolity,
211,monetnica-maslana,Monetnica maślana,Rhodocollybia butyracea,9217873,jadalny,pospolity,
212,lejkoglowka-zoltobrazowa,Lejkogłówka żółtobrązowa,Infundibulicybe gibba,2531146,jadalny,pospolity,
213,drewniak-szkarlatny,Drewniak szkarłatny,Hypoxylon fragiforme,5254672,niejadalny,pospolity,
214,klejek-czerwonawy,Klejek czerwonawy,Chroogomphus rutilus,2524996,jadalny,pospolity,
215,kolpakowka-szorstkozarodnikowa,Kołpakówka szorstkozarodnikowa,Panaeolina foenisecii,2526698,trujacy,pospolity,
216,ziarnowka-ochrowozolta,Ziarnówka ochrowożółta,Cystoderma amianthinum,5243525,trujacy,pospolity,
217,lysostopek-pospolity,Łysostopek pospolity,Gymnopus dryophilus,5243756,trujacy,pospolity,
218,polowka-polkulista,Polówka półkulista,Agrocybe pediades,9050242,niejadalny,pospolity,
219,pepowniczka-dzwonkowata,Pępowniczka dzwonkowata,Xeromphalina campanella,2527302,niejadalny,pospolity,
220,gaska-mydlana,Gąska mydlana,Tricholoma saponaceum,3324249,trujacy,pospolity,
221,mleczaj-debowy,Mleczaj dębowy,Lactarius quietus,5248616,jadalny,pospolity,
222,skornik-pomarszczony,Skórnik pomarszczony,Stereum rugosum,2553117,niejadalny,pospolity,
223,golabek-bialozielonawy,Gołąbek białozielonawy,Russula aeruginea,2551173,jadalny,pospolity,
224,czernidlak-srokaty,Czernidłak srokaty,Coprinopsis lagopus,8945216,niejadalny,pospolity,
225,kubek-olowianoszary,Kubek ołowianoszary,Cyathus olla,5243125,niejadalny,pospolity,
226,mleczaj-sluzowaty,Mleczaj śluzowaty,Lactarius blennius,5248679,trujacy,pospolity,
227,purchawka-splaszczona,Purchawka spłaszczona,Lycoperdon pratense,5243244,jadalny,pospolity,
228,wrosniak-strefowany,Wrośniak strefowany,Trametes ochracea,2548374,niejadalny,pospolity,
229,gmatwek-debowy,Gmatwek dębowy,Daedalea quercina,8879395,niejadalny,pospolity,
230,golabek-smierdzacy,Gołąbek śmierdzący,Russula foetens,2551447,trujacy,pospolity,
231,kolczak-rudawy,Kolczak rudawy,Hydnum rufescens,2544165,jadalny,pospolity,
232,korzeniowiec-sosnowy,Korzeniowiec sosnowy,Heterobasidion annosum,2551968,niejadalny,pospolity,
233,maslanka-lagodna,Maślanka łagodna,Hypholoma capnoides,2533439,jadalny,pospolity,
234,mleczaj-biel,Mleczaj biel,Lactifluus piperatus,7719797,trujacy,pospolity,
235,mleczaj-pomaranczowy,Mleczaj pomarańczowy,Lactarius aurantiacus,9016531,trujacy,pospolity,
236,mleczaj-plowy,Mleczaj płowy,Lactarius helvus,5248660,trujacy,pospolity,
237,muchomor-szarawy,Muchomor szarawy,Amanita vaginata,5240306,jadalny,pospolity,
238,rysostrzepiak-popekany,Rysostrzępiak popękany,Pseudosperma rimosum,10846389,smiertelny,pospolity,
239,wlosnianka-rosista,Włośnianka rosista,Hebeloma crustuliniforme,2533043,trujacy,pospolity,
240,swiecznik-rozgaleziony,Świecznik rozgałęziony,Artomyces pyxidatus,2550493,niejadalny,rzadki,
241,wrosniak-cynobrowy,Wrośniak cynobrowy,Trametes cinnabarina,9227816,niejadalny,rzadki,
242,boczniaczek-pomaranczowozolty,Boczniaczek pomarańczowożółty,Phyllotopsis nidulans,2531625,niejadalny,rzadki,
243,twardziak-tygrysi,Twardziak tygrysi,Lentinus tigrinus,9154166,niejadalny,rzadki,
244,czarnostopka-kasztanowa,Czarnostopka kasztanowa,Picipes badius,9439058,niejadalny,rzadki,
245,zagiew-guzowata,Żagiew guzowata,Polyporus tuberaster,8666066,jadalny,rzadki,
246,pochwiak-jedwabnikowy,Pochwiak jedwabnikowy,Volvariella bombycina,5241399,jadalny,rzadki,
247,kisielnica-trzoneczkowa,Kisielnica trzoneczkowa,Exidia glandulosa,2553607,niejadalny,rzadki,
248,gwiazdosz-kolnierzykowy,Gwiazdosz kołnierzykowy,Geastrum michelianum,7671044,niejadalny,rzadki,
249,guzoczyrka-debowa,Guzoczyrka dębowa,Fomitiporia robusta,2520459,niejadalny,rzadki,
250,borowik-zoltopory,Borowik żółtopory,Caloboletus calopus,8203051,trujacy,rzadki,
251,madziak-malinowy,Mądziak malinowy,Mutinus ravenelii,5239466,niejadalny,rzadki,
252,pieczarka-miejska,Pieczarka miejska,Agaricus bitorquis,5243374,jadalny,rzadki,
253,sluzolycznik-pozny,Śluzołycznik późny,Sarcomyxa serotina,11011338,trujacy,rzadki,
254,twardoskorzak-luskowaty,Twardoskórzak łuskowaty,Neolentinus lepideus,9129313,niejadalny,rzadki,
255,sarniak-sosnowy,Sarniak sosnowy,Sarcodon squamosus,5238864,jadalny,rzadki,
256,grzybnik-czosnkowy,Grzybnik czosnkowy,Mycetinis alliaceus,8234430,niejadalny,rzadki,
257,purchawka-oczkowata,Purchawka oczkowata,Bovistella utriformis,10828425,jadalny,rzadki,
258,trzesak-mozgowaty,Trzęsak mózgowaty,Naematelia encephala,2518365,niejadalny,rzadki,
259,boczniak-lyzkowaty,Boczniak łyżkowaty,Pleurotus pulmonarius,2526548,jadalny,rzadki,
260,pochwiakowiec-okazaly,Pochwiakowiec okazały,Volvopluteus gloiocephalus,8329645,jadalny,rzadki,
261,podluskwiak-topolowy,Podłuskwiak topolowy,Pholiota populnea,2534161,niejadalny,rzadki,
262,muchomor-porfirowy,Muchomor porfirowy,Amanita porphyria,5240279,trujacy,rzadki,
263,muchomor-narcyzowy,Muchomor narcyzowy,Amanita gemmata,5240292,trujacy,rzadki,
264,podgrzybek-oproszony,Podgrzybek oprószony,Xerocomellus pruinatus,2519584,jadalny,rzadki,
265,skornik-aksamitny,Skórnik aksamitny,Stereum subtomentosum,2553113,niejadalny,rzadki,
266,luskwiak-ognisty,Łuskwiak ognisty,Pholiota flammans,2534175,niejadalny,rzadki,
267,czubajnik-ponury,Czubajnik ponury,Chlorophyllum olivieri,5955386,jadalny,rzadki,
268,podgrzybek-czerwonawy,Podgrzybek czerwonawy,Hortiboletus rubellus,8060178,jadalny,rzadki,
269,bulawniczka-rurkowata,Buławniczka rurkowata,Typhula fistulosa,8047444,niejadalny,rzadki,
270,patyczka-lepka,Patyczka lepka,Leotia lubrica,2577646,trujacy,rzadki,
271,pieniazniczka-szyszkowa,Pieniążniczka szyszkowa,Baeospora myosura,2537958,niejadalny,rzadki,
272,bulawniczka-nitkowata,Buławniczka nitkowata,Typhula juncea,8534874,niejadalny,rzadki,
273,czyren-jodlowy,Czyreń jodłowy,Phellinus hartigii,2520757,niejadalny,rzadki,
274,miekusz-rabarbarowy,Miękusz rabarbarowy,Hapalopilus rutilans,8383534,trujacy,rzadki,
275,sklerotka-bulwiasta,Sklerotka bulwiasta,Dumontinia tuberosa,8691955,niejadalny,rzadki,
276,uszak-skornikowaty,Uszak skórnikowaty,Auricularia mesenterica,5249297,niejadalny,rzadki,
277,pierscieniak-uprawny,Pierścieniak uprawny,Stropharia rugosoannulata,2533347,jadalny,rzadki,
278,mitroweczka-blotna,Mitróweczka błotna,Mitrula paludosa,5256775,niejadalny,rzadki,
279,miekkoporek-sproszkowany,Miękkoporek sproszkowany,Postia ptychogaster,5245343,niejadalny,rzadki,
280,purchawka-jezowata,Purchawka jeżowata,Lycoperdon echinatum,5243255,niejadalny,rzadki,
281,wilgotnica-czerniejaca,Wilgotnica czerniejąca,Hygrocybe conica,2538524,trujacy,rzadki,
282,golabek-plowiejacy,Gołąbek płowiejący,Russula decolorans,2551479,jadalny,rzadki,
283,zaslonak-glinkowaty,Zasłonak glinkowaty,Cortinarius bolaris,12087710,smiertelny,rzadki,
284,klejowka-rozowa,Klejówka różowa,Gomphidius roseus,7889985,jadalny,rzadki,
285,kepkowiec-jasnobrazowy,Kępkowiec jasnobrązowy,Lyophyllum decastes,9173236,jadalny,rzadki,
286,lejkownik-kubkowatokapeluszowy,Lejkownik kubkowatokapeluszowy,Pseudoclitocybe cyathiformis,9095397,jadalny,rzadki,
287,uchowka-osla,Uchówka ośla,Otidea onotica,9128195,trujacy,rzadki,
288,jezoskorka-ostroluskowa,Jeżoskórka ostrołuskowa,Echinoderma asperum,5243011,trujacy,rzadki,
289,opienka-zoltawa,Opieńka żółtawa,Armillaria gallica,2536847,jadalny,rzadki,
290,pieczarka-okazala,Pieczarka okazała,Agaricus augustus,5243429,jadalny,rzadki,
291,piestrzyca-zatokowata,Piestrzyca zatokowata,Helvella lacunosa,2594765,trujacy,rzadki,
292,podgrzybek-zeberkowany,Podgrzybek żeberkowany,Xerocomus ferrugineus,7816100,jadalny,rzadki,
293,smolucha-bukowa,Smolucha bukowa,Ischnoderma resinosum,2543487,niejadalny,rzadki,
294,grzybowka-dzwoneczkowata,Grzybówka dzwoneczkowata,Mycena tintinnabulum,4911782,niejadalny,rzadki,
295,kruchawica-aksamitna,Kruchawica aksamitna,Lacrymaria lacrymabunda,5242798,trujacy,rzadki,
296,zylkoblaszka-wkleslokapeluszowa,Żyłkoblaszka wklęsłokapeluszowa,Delicatula integrella,2531735,niejadalny,rzadki,
297,pierscieniak-niebieskawy,Pierścieniak niebieskawy,Stropharia caerulea,2533355,niejadalny,rzadki,
298,ziemica-polkulista,Ziemica półkulista,Humaria hemisphaerica,5258860,niejadalny,rzadki,
299,zagwiak-wielkopory,Żagwiak wielkopory,Podofomes mollis,12210015,niejadalny,rzadki,
300,boczniak-bialozolty,Boczniak białożółty,Pleurotus dryinus,2526564,niejadalny,rzadki,
301,golabek-podpalany,Gołąbek podpalany,Russula adusta,9223923,trujacy,rzadki,
302,klejowka-swierkowa,Klejówka świerkowa,Gomphidius glutinosus,2525027,jadalny,rzadki,
303,lysiczka-lancetowata,Łysiczka lancetowata,Psilocybe semilanceata,5242507,trujacy,rzadki,
304,blyskoporek-szczotkowaty,Błyskoporek szczotkowaty,Inonotus hispidus,2521208,niejadalny,rzadki,
305,chlorowka-drobna,Chlorówka drobna,Chlorociboria aeruginascens,8411734,niejadalny,rzadki,
306,drewnowiec-popekany,Drewnowiec popękany,Xylobolus frustulatus,7819032,niejadalny,rzadki,
307,gesnica-wiosenna,Gęśnica wiosenna,Calocybe gambosa,8936224,jadalny,rzadki,
308,kozlarz-topolowy,Koźlarz topolowy,Leccinum duriusculum,8562027,jadalny,rzadki,
309,lakowka-okazala,Lakówka okazała,Laccaria proxima,2530966,jadalny,rzadki,
310,mleczaj-jodlowy,Mleczaj jodłowy,Lactarius salmonicolor,5248788,jadalny,rzadki,
311,pierscieniak-murawowy,Pierścieniak murawowy,Stropharia coronilla,9128521,trujacy,rzadki,
312,czubajka-sutkowata,Czubajka sutkowata,Macrolepiota mastoidea,2536707,jadalny,rzadki,
313,dzwonkowka-tarczowata,Dzwonkówka tarczowata,Entoloma clypeatum,3345846,trujacy,rzadki,
314,dzwonkowka-trujaca,Dzwonkówka trująca,Entoloma sinuatum,2539308,smiertelny,rzadki,
315,golabek-czarniawy,Gołąbek czarniawy,Russula nigricans,7958113,trujacy,rzadki,
316,golabek-slodkawy,Gołąbek słodkawy,Russula integra,8894724,jadalny,rzadki,
317,golabek-sledziowy,Gołąbek śledziowy,Russula xerampelina,2551356,jadalny,rzadki,
318,gwiazdosz-rudawy,Gwiazdosz rudawy,Geastrum rufescens,2554340,niejadalny,rzadki,
319,jeleniak-sarni,Jeleniak sarni,Elaphomyces granulatus,2598370,niejadalny,rzadki,
320,kozlarz-roznobarwny,Koźlarz różnobarwny,Leccinum variicolor,2524553,jadalny,rzadki,
321,krowiak-olszowy,Krowiak olszowy,Paxillus rubicundulus,5239994,trujacy,rzadki,
322,kurzawka-olowiana,Kurzawka ołowiana,Bovista plumbea,2535193,jadalny,rzadki,
323,lejkowiec-pelnotrzonowy,Lejkowiec pełnotrzonowy,Craterellus undulatus,11567415,jadalny,rzadki,
324,lejkowka-zielonawa,Lejkówka zielonawa,Clitocybe odora,2531124,jadalny,rzadki,
325,mleczaj-dolkowany,Mleczaj dołkowany,Lactarius scrobiculatus,8881331,trujacy,rzadki,
326,piestrzenica-wrebiasta,Piestrzenica wrębiasta,Discina ancilis,5258519,trujacy,rzadki,
327,tegoskor-brodawkowany,Tęgoskór brodawkowany,Scleroderma verrucosum,5239959,trujacy,rzadki,
328,zaslonak-wonny,Zasłonak wonny,Cortinarius traganus,2529113,trujacy,rzadki,
329,muchomor-krolewski,Muchomor królewski,Amanita regalis,5240248,trujacy,epicki,
330,pomaranczowiec-blyszczacy,Pomarańczowiec błyszczący,Pycnoporellus fulgens,2543387,niejadalny,epicki,
331,pniarek-rozowy,Pniarek różowy,Rhodofomes roseus,8179389,niejadalny,epicki,czesciowa
332,plomyczka-galaretowata,Płomyczka galaretowata,Guepinia helvelloides,8824388,jadalny,epicki,czesciowa
333,czernidlak-pstry,Czernidłak pstry,Coprinopsis picacea,5242777,trujacy,epicki,
334,soplowka-jodlowa,Soplówka jodłowa,Hericium flagellum,5248527,jadalny,epicki,czesciowa
335,borowiczak-dety,Borowiczak dęty,Suillus cavipes,5239851,jadalny,epicki,czesciowa
336,pieprznik-ametystowy,Pieprznik ametystowy,Cantharellus amethysteus,5249555,jadalny,epicki,
337,maczuznik-bojowy,Maczużnik bojowy,Cordyceps militaris,7567077,niejadalny,epicki,
338,muchomor-szyszkowaty,Muchomor szyszkowaty,Amanita strobiliformis,5240217,trujacy,epicki,
339,lopatnica-zoltawa,Łopatnica żółtawa,Spathularia flavida,5255490,niejadalny,epicki,
340,lysak-wspanialy,Łysak wspaniały,Gymnopilus junonius,2533674,trujacy,epicki,
341,muchomor-zoltawy,Muchomor żółtawy,Amanita crocea,5240282,jadalny,epicki,
342,rycerzyk-oliwkowozolty,Rycerzyk oliwkowożółty,Tricholomopsis decora,9056826,niejadalny,epicki,
343,roznoporek-dwuwarstwowy,Różnoporek dwuwarstwowy,Abortiporus biennis,2544114,niejadalny,epicki,
344,sromotnik-fiolkowy,Sromotnik fiołkowy,Phallus hadriani,2524103,niejadalny,epicki,
345,grzybowka-szafranowa,Grzybówka szafranowa,Mycena crocata,2526838,niejadalny,epicki,
346,bladoporek-placzacy,Bladoporek płaczący,Pseudoinonotus dryadeus,2520036,niejadalny,epicki,
347,bulawka-paleczkowata,Buławka pałeczkowata,Clavariadelphus pistillaris,2521391,niejadalny,epicki,czesciowa
348,czarka-szkarlatna,Czarka szkarłatna,Sarcoscypha coccinea,8156721,niejadalny,epicki,
349,kozlarz-sosnowy,Koźlarz sosnowy,Leccinum vulpinum,2524528,jadalny,epicki,
350,naparstniczka-stozkowata,Naparstniczka stożkowata,Verpa conica,5499531,trujacy,epicki,czesciowa
351,piestrzenica-infulowata,Piestrzenica infułowata,Gyromitra infula,5258509,smiertelny,epicki,
352,smardz-wyniosly,Smardz wyniosły,Morchella elata,2594626,jadalny,epicki,czesciowa
353,bulawka-obcieta,Buławka obcięta,Clavariadelphus truncatus,2521401,niejadalny,legendarny,czesciowa
354,czarka-jurajska,Czarka jurajska,Sarcoscypha jurana,2594966,niejadalny,legendarny,scisla
355,gwiazdosz-wzniesiony,Gwiazdosz wzniesiony,Geastrum fornicatum,2554359,niejadalny,legendarny,scisla
356,kolczakowka-kasztanowata,Kolczakówka kasztanowata,Hydnellum ferrugineum,2522229,niejadalny,legendarny,scisla
357,okratek-czerwony,Okratek czerwony,Clathrus ruber,5239476,trujacy,legendarny,
358,promieniak-wilgociomierz,Promieniak wilgociomierz,Astraeus hygrometricus,5239766,niejadalny,legendarny,scisla
359,sarniak-szorstki,Sarniak szorstki,Sarcodon scabrosus,5238871,niejadalny,legendarny,scisla
360,zaslonak-odrazajacy,Zasłonak odrażający,Cortinarius camphoratus,2529076,trujacy,legendarny,
